blank,active,,filtered_blank,filtered_active,,6s_average_time,6s_average_value
-1.47427,9.29953,,-1.4608568,9.2993567,,5.9904,5.379955837
-1.47437,9.30529,,-1.461029769,9.299432646,,11.9808,5.379115042
-1.47553,9.30932,,-1.461215372,9.299559204,,17.9712,5.379659528
-1.47455,9.31195,,-1.461386055,9.299717807,,23.9616,5.380314324
-1.47357,9.31198,,-1.46154201,9.299874763,,29.952,5.380253276
-1.47412,9.31088,,-1.461703008,9.30001563,,35.9424,5.379770936
-1.47498,9.30984,,-1.461872953,9.300141382,,,
-1.47455,9.30584,,-1.46203522,9.300214324,,,
-1.47546,9.3002,,-1.462207057,9.300214141,,,
-1.47604,9.29663,,-1.462384118,9.300168264,,,
-1.47437,9.29486,,-1.462537538,9.300100318,,,
-1.47247,9.29608,,-1.462664673,9.300048858,,,
-1.47229,9.29959,,-1.462787877,9.300042984,,,
-1.47113,9.3013,,-1.462894657,9.300059074,,,
-1.46857,9.30178,,-1.462967301,9.300081102,,,
-1.46689,9.30096,,-1.463017512,9.300092352,,,
-1.4661,9.29998,,-1.463056967,9.300090914,,,
-1.46356,9.30029,,-1.463063406,9.300093462,,,
-1.46249,9.29895,,-1.463056067,9.300078826,,,
-1.46274,9.29647,,-1.463052021,9.300032633,,,
-1.46286,9.29553,,-1.463049563,9.299974999,,,
-1.46161,9.29507,,-1.463031137,9.299912215,,,
-1.46213,9.2966,,-1.463019602,9.299869819,,,
-1.4628,9.30148,,-1.463016791,9.299890429,,,
-1.46149,9.30407,,-1.462997248,9.299943928,,,
-1.4606,9.30499,,-1.462966564,9.300008517,,,
-1.46054,9.30526,,-1.462935504,9.300075736,,,
-1.45801,9.30413,,-1.462872457,9.300127631,,,
-1.45416,9.30255,,-1.462760938,9.300158637,,,
-1.45279,9.30139,,-1.46263331,9.300174399,,,
-1.45129,9.29815,,-1.462488115,9.300148486,,,
-1.44916,9.29492,,-1.462317515,9.300081562,,,
-1.44873,9.2926,,-1.462143595,9.299985798,,,
-1.4505,9.29174,,-1.461994557,9.299880252,,,
-1.45145,9.29385,,-1.461859587,9.299803064,,,
-1.45221,9.29443,,-1.461736072,9.299734289,,,
-1.45435,9.29379,,-1.46164153,9.299658202,,,
-1.45642,9.29357,,-1.461574695,9.299580273,,,
-1.45554,9.29275,,-1.461497451,9.299492846,,,
-1.45602,9.29388,,-1.461427339,9.299421001,,,
-1.45694,9.29821,,-1.461369901,9.2994055,,,
-1.45721,9.3016,,-1.461316655,9.29943359,,,
-1.45761,9.30352,,-1.46126921,9.299485896,,,
-1.45972,9.30603,,-1.46124938,9.299569661,,,
-1.46207,9.30712,,-1.461259884,9.299666305,,,
-1.46234,9.30798,,-1.461273709,9.29977272,,,
-1.46338,9.30777,,-1.46130067,9.299875085,,,
-1.46442,9.30532,,-1.461340597,9.29994478,,,
-1.4646,9.3016,,-1.461382317,9.299965967,,,
-1.46436,9.29824,,-1.461420432,9.299943875,,,
-1.46619,9.29641,,-1.461481482,9.299898641,,,
-1.46802,9.29766,,-1.461565175,9.299869987,,,
-1.46756,9.29803,,-1.461641909,9.299846435,,,
-1.4682,9.29715,,-1.461725853,9.29981192,,,
-1.4689,9.29632,,-1.461817682,9.299767224,,,
-1.46744,9.29483,,-1.461889647,9.299704027,,,
-1.46533,9.29376,,-1.461933684,9.299627944,,,
-1.465,9.29437,,-1.461972933,9.299560642,,,
-1.46387,9.29361,,-1.461997215,9.299484474,,,
-1.46234,9.29184,,-1.462001603,9.299386625,,,
-1.46259,9.29104,,-1.462009134,9.299279788,,,
-1.46426,9.29238,,-1.462037945,9.299191471,,,
-1.46466,9.29614,,-1.462071508,9.299152412,,,
-1.46585,9.30062,,-1.462119872,9.299171197,,,
-1.46762,9.30328,,-1.462190274,9.29922379,,,
-1.46738,9.30465,,-1.462256702,9.299293245,,,
-1.46579,9.30529,,-1.462301929,9.299370003,,,
-1.46515,9.30609,,-1.462338384,9.299456019,,,
-1.46466,9.30825,,-1.462368101,9.299568582,,,
-1.4624,9.30835,,-1.462368509,9.299680985,,,
-1.46075,9.3059,,-1.462347792,9.299760588,,,
-1.46048,9.3045,,-1.462323884,9.299821252,,,
-1.45813,9.30316,,-1.462270203,9.299863988,,,
-1.45526,9.30331,,-1.462180472,9.299908097,,,
-1.45468,9.30511,,-1.462084466,9.299974682,,,
-1.4548,9.30487,,-1.461991225,9.300037342,,,
-1.45474,9.30264,,-1.461898409,9.300070656,,,
-1.45581,9.30111,,-1.461820477,9.300083959,,,
-1.45874,9.30023,,-1.461781047,9.300085829,,,
-1.46039,9.30059,,-1.461763242,9.300092282,,,
-1.46094,9.30029,,-1.461752704,9.300094813,,,
-1.46326,9.2976,,-1.461771998,9.300062879,,,
-1.46445,9.29531,,-1.461806276,9.300002042,,,
-1.46341,9.29293,,-1.461826804,9.29991152,,,
-1.46268,9.29238,,-1.461837725,9.299815117,,,
-1.46256,9.29449,,-1.46184697,9.299746955,,,
-1.46021,9.29492,,-1.461826017,9.29968517,,,
-1.45731,9.29425,,-1.461768212,9.2996156,,,
-1.45544,9.29364,,-1.461687211,9.299539112,,,
-1.45297,9.29281,,-1.46157563,9.29945298,,,
-1.44922,9.29351,,-1.461417478,9.29937691,,,
-1.44708,9.29531,,-1.461233959,9.299324853,,,
-1.44617,9.29473,,-1.46104114,9.299266039,,,
-1.44415,9.29275,,-1.460824933,9.299182634,,,
-1.44247,9.29126,,-1.46058999,9.299081224,,,
-1.44235,9.29138,,-1.460356518,9.298982648,,,
-1.4419,9.29361,,-1.460120275,9.298913879,,,
-1.44,9.29568,,-1.459862735,9.298872485,,,
-1.43915,9.29736,,-1.459597612,9.298853125,,,
-1.43961,9.30011,,-1.459341771,9.298869213,,,
-1.4393,9.30273,,-1.459085236,9.298918631,,,
-1.44019,9.30575,,-1.458843377,9.299006073,,,
-1.44357,9.31015,,-1.458647878,9.299148715,,,
-1.44656,9.31164,,-1.458493153,9.299308603,,,
-1.44833,9.30929,,-1.458363065,9.299436365,,,
-1.45139,9.307,,-1.45827381,9.29953318,,,
-1.45377,9.30407,,-1.458216161,9.299591251,,,
-1.45288,9.30197,,-1.458147858,9.299621699,,,
-1.45105,9.30026,,-1.458057005,9.299629869,,,
-1.45078,9.29745,,-1.45796386,9.299601967,,,
-1.44867,9.29367,,-1.457844898,9.299526038,,,
-1.44592,9.29016,,-1.45769226,9.299406153,,,
-1.44617,9.28836,,-1.457544775,9.299264762,,,
-1.44675,9.28866,,-1.457406602,9.299129021,,,
-1.44641,9.28845,,-1.457265845,9.298992329,,,
-1.44675,9.28704,,-1.457131242,9.29883934,,,
-1.44904,9.28616,,-1.457027674,9.298677044,,,
-1.45047,9.28509,,-1.456943736,9.29850313,,,
-1.45026,9.28598,,-1.456858184,9.298342834,,,
-1.45175,9.28994,,-1.456792799,9.298235277,,,
-1.45258,9.2922,,-1.456738876,9.298158026,,,
-1.45151,9.29345,,-1.456671946,9.298097763,,,
-1.45194,9.29574,,-1.456611377,9.298067584,,,
-1.45392,9.29812,,-1.456576928,9.298068255,,,
-1.45499,9.30114,,-1.456556615,9.298107573,,,
-1.4563,9.30453,,-1.45655333,9.29818978,,,
-1.45978,9.30572,,-1.456594632,9.298286167,,,
-1.46338,9.30551,,-1.456681484,9.298378632,,,
-1.4643,9.30432,,-1.456779001,9.298454682,,,
-1.46545,9.30349,,-1.45688999,9.298519134,,,
-1.46637,9.30419,,-1.457011334,9.298591721,,,
-1.46536,9.30291,,-1.457118197,9.298646995,,,
-1.46329,9.30117,,-1.457197196,9.298679289,,,
-1.46372,9.29995,,-1.457280688,9.298695554,,,
-1.46344,9.29971,,-1.457359527,9.298708539,,,
-1.46271,9.30075,,-1.457428013,9.29873467,,,
-1.46356,9.30529,,-1.457506503,9.298818578,,,
-1.46549,9.30889,,-1.457608691,9.298947492,,,
-1.46512,9.31079,,-1.457704836,9.299099076,,,
-1.46436,9.31256,,-1.457790022,9.299271376,,,
-1.46442,9.31366,,-1.457874886,9.299455551,,,
-1.46417,9.31408,,-1.457955464,9.299642744,,,
-1.46256,9.31341,,-1.458014402,9.299818964,,,
-1.46222,9.30999,,-1.458068233,9.299949154,,,
-1.46286,9.30554,,-1.458129568,9.300020717,,,
-1.46252,9.30126,,-1.458185765,9.300036579,,,
-1.46182,9.29913,,-1.458232284,9.300024975,,,
-1.46332,9.30017,,-1.458297406,9.300026831,,,
-1.46442,9.3002,,-1.458375776,9.300029048,,,
-1.46442,9.29916,,-1.458453142,9.300017924,,,
-1.46594,9.29852,,-1.458548973,9.299998751,,,
-1.46887,9.29684,,-1.458681083,9.299958319,,,
-1.4697,9.29611,,-1.458822125,9.29990906,,,
-1.4708,9.29727,,-1.458975442,9.29987528,,,
-1.47327,9.29721,,-1.459158412,9.299841165,,,
-1.47437,9.29589,,-1.45935312,9.29979059,,,
-1.47424,9.29528,,-1.459543672,9.299732854,,,
-1.47421,9.29647,,-1.459731401,9.29969109,,,
-1.47372,9.29772,,-1.459910455,9.29966586,,,
-1.47119,9.29837,,-1.460054833,9.299649273,,,
-1.46899,9.29663,,-1.460169204,9.299610626,,,
-1.46869,9.29403,,-1.46027827,9.299539194,,,
-1.46808,9.29119,,-1.460378132,9.299432324,,,
-1.46649,9.28979,,-1.460456364,9.299308903,,,
-1.46634,9.29089,,-1.460531674,9.299201141,,,
-1.46695,9.29055,,-1.460613829,9.299090406,,,
-1.46597,9.28894,,-1.460682388,9.298960481,,,
-1.46573,9.28863,,-1.460746997,9.298828251,,,
-1.46634,9.2886,,-1.460818588,9.298697329,,,
-1.46555,9.28945,,-1.46087915,9.298578963,,,
-1.46411,9.29232,,-1.460920505,9.298498849,,,
-1.46426,9.29376,,-1.46096325,9.298438191,,,
-1.46442,9.29412,,-1.461007497,9.298382918,,,
-1.46277,9.29519,,-1.461030057,9.298342049,,,
-1.46234,9.2973,,-1.461046824,9.298328711,,,
-1.46274,9.30087,,-1.461068497,9.298361239,,,
-1.46274,9.3045,,-1.461089892,9.298439816,,,
-1.46085,9.30667,,-1.461086821,9.298545162,,,
-1.46008,9.30828,,-1.461073934,9.298669768,,,
-1.45801,9.30932,,-1.461034716,9.298806091,,,
-1.45386,9.31015,,-1.460942879,9.298951293,,,
-1.45087,9.31231,,-1.460813946,9.299122284,,,
-1.44907,9.31127,,-1.460663624,9.299277775,,,
-1.44733,9.30868,,-1.460492954,9.299398124,,,
-1.44644,9.3063,,-1.460313076,9.299486468,,,
-1.44931,9.30395,,-1.460172236,9.299543601,,,
-1.45337,9.30212,,-1.460085168,9.299576579,,,
-1.45667,9.30139,,-1.460041454,9.29959979,,,
-1.46118,9.29876,,-1.460056027,9.299589041,,,
-1.46585,9.29583,,-1.46013019,9.299540925,,,
-1.4678,9.29449,,-1.460228363,9.299476274,,,
-1.46774,9.29495,,-1.460324512,9.299418337,,,
-1.46811,9.29873,,-1.460424167,9.299409527,,,
-1.46671,9.30148,,-1.460504625,9.299436029,,,
-1.46353,9.30285,,-1.46054335,9.299479727,,,
-1.4624,9.30319,,-1.460567115,9.299527219,,,
-1.46234,9.30246,,-1.460589808,9.299564759,,,
-1.4613,9.30114,,-1.460598899,9.299584922,,,
-1.46149,9.30154,,-1.460610305,9.299609947,,,
-1.46249,9.29946,,-1.460634365,9.299608027,,,
-1.46323,9.29547,,-1.460667589,9.299555061,,,
-1.46219,9.29263,,-1.460687076,9.29946642,,,
-1.46234,9.29028,,-1.460708233,9.299348834,,,
-1.46365,9.28918,,-1.460745888,9.299218673,,,
-1.46323,9.28924,,-1.460777684,9.299090946,,,
-1.46393,9.28775,,-1.460818034,9.298945781,,,
-1.46689,9.2861,,-1.460895755,9.298781355,,,
-1.46939,9.28533,,-1.461004482,9.298609178,,,
-1.47015,9.28695,,-1.461121544,9.298459941,,,
-1.47266,9.29129,,-1.461269236,9.298368165,,,
-1.47412,9.29525,,-1.461433726,9.298328253,,,
-1.47293,9.29718,,-1.461580879,9.298313555,,,
-1.47064,9.29904,,-1.461696835,9.298322854,,,
-1.46881,9.29956,,-1.461787884,9.298338689,,,
-1.46521,9.30035,,-1.461831687,9.298364434,,,
-1.46106,9.30291,,-1.461821809,9.298422617,,,
-1.45886,9.30328,,-1.461783898,9.298484792,,,
-1.45877,9.30212,,-1.46174532,9.298531322,,,
-1.45865,9.30133,,-1.4617057,9.298567145,,,
-1.45981,9.30023,,-1.461681435,9.29858843,,,
-1.46243,9.29965,,-1.461691017,9.298602018,,,
-1.46356,9.29818,,-1.46171494,9.298596616,,,
-1.4631,9.29437,,-1.461732669,9.298542516,,,
-1.46408,9.28924,,-1.461762714,9.298423443,,,
-1.46454,9.28414,,-1.461798264,9.298240615,,,
-1.46414,9.28164,,-1.461828238,9.298028127,,,
-1.46448,9.28265,,-1.46186218,9.297831287,,,
-1.46695,9.28479,,-1.461927305,9.297664359,,,
-1.4682,9.28677,,-1.462007595,9.297524911,,,
-1.46829,9.29052,,-1.46208801,9.297435248,,,
-1.46735,9.29464,,-1.462155363,9.297399469,,,
-1.46256,9.29864,,-1.462160543,9.297415348,,,
-1.45709,9.30307,,-1.46209564,9.297487727,,,
-1.44959,9.30426,,-1.461935567,9.297574412,,,
-1.44275,9.3016,,-1.461689992,9.29762594,,,
-1.43991,9.29864,,-1.461411208,9.29763892,,,
-1.44016,9.29608,,-1.461139193,9.297618966,,,
-1.44135,9.29467,,-1.460885891,9.297581219,,,
-1.44598,9.2947,,-1.460695096,9.297544339,,,
-1.45166,9.29403,,-1.460579447,9.297499356,,,
-1.45459,9.29406,,-1.460502782,9.297455332,,,
-1.45584,9.29412,,-1.460443098,9.29741264,,,
-1.45557,9.29641,,-1.460380722,9.297399806,,,
-1.45395,9.30136,,-1.460298409,9.297450497,,,
-1.44986,9.30499,,-1.460164798,9.297547002,,,
-1.44763,9.3063,,-1.460004352,9.297659041,,,
-1.44806,9.30749,,-1.459851464,9.297784877,,,
-1.44714,9.30725,,-1.459688758,9.29790603,,,
-1.44717,9.30606,,-1.459528518,9.298010401,,,
-1.44904,9.30493,,-1.459394265,9.298098972,,,
-1.45047,9.30065,,-1.459280034,9.298131625,,,
-1.44995,9.29364,,-1.459160609,9.298074132,,,
-1.45062,9.2871,,-1.45905129,9.297933664,,,
-1.45203,9.28271,,-1.458961417,9.297738801,,,
-1.45151,9.28198,,-1.458866039,9.297537088,,,
-1.45203,9.28381,,-1.458778538,9.297361381,,,
-1.45432,9.28631,,-1.458721468,9.297219924,,,
-1.45609,9.28973,,-1.458687786,9.297124053,,,
-1.45602,9.29278,,-1.458653638,9.297068449,,,
-1.4566,9.29559,,-1.458627351,9.297049525,,,
-1.45685,9.29892,,-1.458604601,9.297073467,,,
-1.45441,9.29873,,-1.45855091,9.29709467,,,
-1.4527,9.29562,,-1.458476019,9.297075795,,,
-1.45212,9.2929,,-1.458394662,9.297022344,,,
-1.45139,9.29095,,-1.458305002,9.296944618,,,
-1.4509,9.2911,,-1.458210218,9.296869807,,,
-1.45352,9.29412,,-1.458150183,9.29683461,,,
-1.45731,9.29559,,-1.458139429,9.296818679,,,
-1.45966,9.29608,,-1.458158892,9.296809224,,,
-1.46301,9.29547,,-1.458220986,9.296792082,,,
-1.46695,9.2944,,-1.458332718,9.296761463,,,
-1.46838,9.29406,,-1.458461323,9.296726884,,,
-1.46835,9.29199,,-1.458587898,9.296666252,,,
-1.46951,9.28955,,-1.458727701,9.296575164,,,
-1.47003,9.28833,,-1.45887237,9.296469626,,,
-1.4686,9.28854,,-1.458996884,9.296368127,,,
-1.46887,9.2915,,-1.45912326,9.296305815,,,
-1.47018,9.29733,,-1.459264786,9.296318924,,,
-1.47052,9.30111,,-1.459408853,9.29638025,,,
-1.47022,9.30224,,-1.459547236,9.296455255,,,
-1.47098,9.30352,,-1.459693575,9.296545684,,,
-1.47101,9.30438,,-1.459838425,9.296645963,,,
-1.46857,9.30578,,-1.459950189,9.296762878,,,
-1.46664,9.30801,,-1.460035819,9.296906842,,,
-1.46478,9.30859,,-1.460096545,9.297056386,,,
-1.461,9.30786,,-1.460108109,9.297194672,,,
-1.45725,9.30691,,-1.460071525,9.297319029,,,
-1.45511,9.30706,,-1.460008017,9.297443713,,,
-1.45252,9.30804,,-1.459912171,9.297579345,,,
-1.4491,9.30688,,-1.459773775,9.297698394,,,
-1.44708,9.30432,,-1.459611295,9.29778315,,,
-1.44559,9.3023,,-1.459431822,9.297840966,,,
-1.44269,9.3005,,-1.459217527,9.297875002,,,
-1.44077,9.29946,,-1.458981398,9.29789529,,,
-1.44086,9.30114,,-1.458749445,9.297936822,,,
-1.44055,9.30139,,-1.458516492,9.297981023,,,
-1.43958,9.30059,,-1.458274105,9.298014418,,,
-1.44141,9.30114,,-1.458058244,9.298054425,,,
-1.444,9.30166,,-1.457878299,9.298100576,,,
-1.44513,9.30346,,-1.45771512,9.298169177,,,
-1.44727,9.30627,,-1.457581423,9.298272868,,,
-1.44998,9.30844,,-1.457484125,9.298403007,,,
-1.45203,9.31033,,-1.457414312,9.298555672,,,
-1.45206,9.31234,,-1.457345777,9.298732112,,,
-1.45374,9.31533,,-1.457299623,9.298944565,,,
-1.45575,9.3186,,-1.457279787,9.299196154,,,
-1.45648,9.31848,,-1.45726955,9.299442987,,,
-1.45801,9.31524,,-1.457279028,9.299645189,,,
-1.46182,9.31048,,-1.457337152,9.299783875,,,
-1.46451,9.30392,,-1.457428965,9.299836817,,,
-1.46603,9.29815,,-1.457539058,9.299815226,,,
-1.46814,9.29629,,-1.45767475,9.299770103,,,
-1.46921,9.29534,,-1.457822401,9.299713398,,,
-1.46735,9.29571,,-1.457944355,9.299662154,,,
-1.46478,9.29885,,-1.458031851,9.299651759,,,
-1.46225,9.30325,,-1.458085843,9.299697816,,,
-1.45883,9.30804,,-1.458095368,9.299804596,,,
-1.45535,9.31173,,-1.458060228,9.299957241,,,
-1.45459,9.31219,,-1.458015809,9.300113821,,,
-1.45416,9.31097,,-1.457966454,9.30025278,,,
-1.45285,9.30871,,-1.457900964,9.300361032,,,
-1.45227,9.30777,,-1.457828887,9.300455867,,,
-1.45288,9.30926,,-1.457765542,9.30056856,,,
-1.45328,9.30899,,-1.457708127,9.300676354,,,
-1.4538,9.3063,,-1.457658103,9.300748337,,,
-1.45587,9.30343,,-1.457635215,9.300782662,,,
-1.45786,9.29879,,-1.457638092,9.300757156,,,
-1.4577,9.29486,,-1.457638885,9.300681673,,,
-1.45874,9.29327,,-1.457652979,9.300586803,,,
-1.46048,9.29129,,-1.457689165,9.300467804,,,
-1.46085,9.28897,,-1.457729624,9.300320632,,,
-1.46054,9.28872,,-1.457765596,9.300172144,,,
-1.46191,9.28955,,-1.457818645,9.300036181,,,
-1.46252,9.29263,,-1.457878822,9.299941382,,,
-1.46109,9.2948,,-1.457919925,9.299875572,,,
-1.46051,9.29538,,-1.457953078,9.299818029,,,
-1.45953,9.29467,,-1.457973263,9.299752134,,,
-1.4574,9.29299,,-1.457965925,9.299665578,,,
-1.45444,9.29153,,-1.457920793,9.299561443,,,
-1.4534,9.29153,,-1.457862927,9.299458641,,,
-1.45294,9.28964,,-1.457799913,9.299332962,,,
-1.45264,9.28622,,-1.457733867,9.299165116,,,
-1.45529,9.28552,,-1.457702585,9.298990459,,,
-1.45947,9.28616,,-1.457725208,9.298826229,,,
-1.4624,9.2901,,-1.457785045,9.298714533,,,
-1.46558,9.29696,,-1.457884821,9.298692075,,,
-1.46985,9.30206,,-1.458037975,9.298735184,,,
-1.47278,9.30505,,-1.458226673,9.298816014,,,
-1.47369,9.30648,,-1.458424604,9.298914113,,,
-1.47556,9.30633,,-1.458643937,9.299009036,,,
-1.4773,9.30578,,-1.458882734,9.299095705,,,
-1.47647,9.30288,,-1.459107851,9.299144144,,,
-1.47617,9.29797,,-1.459326247,9.299129115,,,
-1.47772,9.2937,,-1.459561687,9.299059622,,,
-1.4776,9.29064,,-1.459792577,9.298951851,,,
-1.47629,9.29071,,-1.460003744,9.298846355,,,
-1.47607,9.29489,,-1.460209392,9.298795714,,,
-1.4762,9.29794,,-1.460414072,9.298784761,,,
-1.4736,9.29977,,-1.460582852,9.298797372,,,
-1.47122,9.30139,,-1.460719007,9.298830557,,,
-1.46957,9.30239,,-1.4608323,9.298876118,,,
-1.46637,9.30334,,-1.460903183,9.298933256,,,
-1.46182,9.30484,,-1.460914918,9.299008862,,,
-1.45926,9.30337,,-1.460893735,9.299064685,,,
-1.45755,9.30053,,-1.460850935,9.299083441,,,
-1.45511,9.2976,,-1.460777451,9.299064453,,,
-1.45367,9.29718,,-1.460686476,9.299040332,,,
-1.45413,9.29907,,-1.460602553,9.299040712,,,
-1.45386,9.30026,,-1.460516248,9.299056318,,,
-1.4538,9.30087,,-1.46043028,9.299079534,,,
-1.45453,9.30072,,-1.460354757,9.299100532,,,
-1.45532,9.29931,,-1.460290312,9.299103213,,,
-1.4549,9.29834,,-1.460221316,9.299093444,,,
-1.45609,9.29809,,-1.460168435,9.2990806,,,
-1.45917,9.29626,,-1.460155655,9.299044496,,,
-1.461,9.29318,,-1.460166463,9.29896943,,,
-1.46298,9.2918,,-1.460202476,9.298877662,,,
-1.46582,9.29232,,-1.46027438,9.298793724,,,
-1.46817,9.29464,,-1.460375444,9.298740556,,,
-1.46732,9.29888,,-1.460464334,9.298742341,,,
-1.46768,9.30218,,-1.460556695,9.298786343,,,
-1.46716,9.30365,,-1.460641217,9.298848598,,,
-1.46503,9.30535,,-1.460697394,9.298931816,,,
-1.46161,9.30731,,-1.460709075,9.299039056,,,
-1.45953,9.31002,,-1.460693983,9.299179612,,,
-1.45685,9.31155,,-1.46064478,9.299337953,,,
-1.45248,9.31094,,-1.460540271,9.29948646,,,
-1.44983,9.31097,,-1.460403179,9.299633449,,,
-1.44904,9.31112,,-1.460257731,9.299780477,,,
-1.4476,9.31182,,-1.460095712,9.299934583,,,
-1.44794,9.31433,,-1.459940119,9.300118844,,,
-1.45123,9.31338,,-1.459828629,9.300288587,,,
-1.45541,9.30987,,-1.459772071,9.300411229,,,
-1.45905,9.30639,,-1.459762828,9.300487757,,,
-1.46417,9.30218,,-1.45981924,9.300509418,,,
-1.46869,9.29873,,-1.459932786,9.300486641,,,
-1.47015,9.29571,,-1.460063566,9.3004255,,,
-1.47031,9.2919,,-1.46019472,9.300316374,,,
-1.47199,9.28903,,-1.4603457,9.300171908,,,
-1.47174,9.28759,,-1.460491547,9.30001086,,,
-1.47043,9.28906,,-1.460618759,9.299870689,,,
-1.47018,9.29357,,-1.460741143,9.29979004,,,
-1.47086,9.29785,,-1.460870664,9.299765208,,,
-1.46976,9.3009,,-1.460984448,9.299779733,,,
-1.46896,9.30432,,-1.461086535,9.299837848,,,
-1.46857,9.30722,,-1.461182323,9.29993234,,,
-1.46622,9.31042,,-1.461246806,9.300066582,,,
-1.46216,9.3143,,-1.461258494,9.30024877,,,
-1.45956,9.31472,,-1.461236754,9.300434001,,,
-1.45648,9.31143,,-1.461175867,9.30057475,,,
-1.45245,9.30822,,-1.461064176,9.300672609,,,
-1.45087,9.30502,,-1.460933691,9.300728256,,,
-1.45218,9.30264,,-1.460821643,9.300752726,,,
-1.45404,9.30105,,-1.460734838,9.300756531,,,
-1.45648,9.29779,,-1.460680376,9.30071856,,,
-1.46121,9.29461,,-1.460687156,9.30064037,,,
-1.46567,9.29245,,-1.460750936,9.300535533,,,
-1.46771,9.29293,,-1.460840012,9.300438183,,,
-1.46942,9.29602,,-1.460949836,9.30038163,,,
-1.47028,9.29678,,-1.461069262,9.300335529,,,
-1.46832,9.29556,,-1.461162071,9.300274402,,,
-1.46515,9.29388,,-1.461213117,9.300192554,,,
-1.46259,9.29074,,-1.461230741,9.300071561,,,
-1.45941,9.28787,,-1.461207436,9.299915381,,,
-1.4549,9.28674,,-1.4611267,9.299746736,,,
-1.45282,9.28509,,-1.461020375,9.29955913,,,
-1.45224,9.28295,,-1.460907986,9.299346533,,,
-1.45126,9.28298,,-1.460784492,9.299137042,,,
-1.45178,9.28488,,-1.460669234,9.298954552,,,
-1.4545,9.28903,,-1.460590268,9.298827517,,,
-1.45761,9.29336,,-1.460552121,9.298757533,,,
-1.45844,9.29525,,-1.460525085,9.298712637,,,
-1.45981,9.29547,,-1.460515932,9.298671131,,,
-1.46051,9.2948,,-1.460515856,9.29862158,,,
-1.45795,9.29504,,-1.460483013,9.298575736,,,
-1.45499,9.2973,,-1.460412703,9.298559407,,,
-1.45322,9.29846,,-1.460320636,9.298558134,,,
-1.45157,9.29861,,-1.460208628,9.298558798,,,
-1.4494,9.29992,,-1.460070278,9.298576222,,,
-1.45026,9.30136,,-1.459944706,9.298611854,,,
-1.45252,9.30288,,-1.45984967,9.298666486,,,
-1.45401,9.306,,-1.459774922,9.298760355,,,
-1.45538,9.30719,,-1.459718667,9.298868255,,,
-1.45795,9.30737,,-1.459696028,9.298977077,,,
-1.45987,9.30682,,-1.459698255,9.299077466,,,
-1.46011,9.307,,-1.459703525,9.299178875,,,
-1.46191,9.30783,,-1.459731768,9.299289609,,,
-1.46509,9.30734,,-1.459800354,9.299392654,,,
-1.46634,9.3045,,-1.459884061,9.299458028,,,
-1.46802,9.30059,,-1.459988201,9.299472518,,,
-1.47009,9.29589,,-1.460117504,9.299426661,,,
-1.4693,9.29309,,-1.46023504,9.299345552,,,
-1.46646,9.29351,,-1.46031472,9.299270857,,,
-1.46466,9.29361,,-1.460370339,9.299198398,,,
-1.46314,9.29312,,-1.460405791,9.299120595,,,
-1.45972,9.2948,,-1.460397013,9.299065291,,,
-1.45706,9.29733,,-1.460354299,9.299043079,,,
-1.45654,9.30136,,-1.460305476,9.299072736,,,
-1.45514,9.30709,,-1.460239358,9.299175357,,,
-1.45407,9.31076,,-1.46016039,9.29932364,,,
-1.45529,9.31192,,-1.460098049,9.299484874,,,
-1.45654,9.31216,,-1.460052506,9.299647115,,,
-1.45667,9.31179,,-1.46000921,9.299802544,,,
-1.45752,9.31213,,-1.459977348,9.299960336,,,
-1.45892,9.30966,,-1.459963814,9.300084491,,,
-1.45932,9.3052,,-1.459955573,9.30014997,,,
-1.45972,9.30047,,-1.459952558,9.300154066,,,
-1.46112,9.29565,,-1.459967501,9.300096414,,,
-1.46146,9.29281,,-1.459986605,9.300003148,,,
-1.45984,9.29376,,-1.459984728,9.299923236,,,
-1.4588,9.2948,,-1.459969564,9.299857658,,,
-1.45837,9.29559,,-1.45994909,9.299803032,,,
-1.45581,9.29742,,-1.459896109,9.299772529,,,
-1.45303,9.29904,,-1.459808223,9.299763153,,,
-1.45209,9.30099,,-1.45970943,9.299778857,,,
-1.45117,9.30276,,-1.459600125,9.299817015,,,
-1.44894,9.30203,,-1.459463675,9.299845342,,,
-1.44846,9.29934,,-1.459322828,9.299838873,,,
-1.44992,9.29599,,-1.459202472,9.299789608,,,
-1.45029,9.29415,,-1.459088393,9.299717421,,,
-1.45062,9.29492,,-1.458979997,9.299656014,,,
-1.45343,9.29599,,-1.458908957,9.299609089,,,
-1.45581,9.2958,,-1.458869291,9.299560332,,,
-1.45648,9.29672,,-1.458838708,9.299523976,,,
-1.45871,9.29733,,-1.45883706,9.299495893,,,
-1.46137,9.29867,,-1.458869482,9.299485322,,,
-1.4613,9.30242,,-1.458900592,9.299522886,,,
-1.46179,9.30432,,-1.458937577,9.299584289,,,
-1.46265,9.30444,,-1.458985096,9.299646442,,,
-1.4632,9.3049,,-1.459039047,9.299713687,,,
-1.4621,9.30419,,-1.459078227,9.299770984,,,
-1.46234,9.30358,,-1.459119978,9.29981974,,,
-1.46246,9.30163,,-1.45916273,9.299842911,,,
-1.45966,9.29779,,-1.459169095,9.299816634,,,
-1.45599,9.29339,,-1.459128402,9.299734373,,,
-1.45358,9.28967,,-1.459057383,9.299605549,,,
-1.45023,9.28924,,-1.458944392,9.29947287,,,
-1.4462,9.29241,,-1.458781264,9.299382465,,,
-1.44574,9.29544,,-1.458614336,9.299332001,,,
-1.44666,9.29742,,-1.45846132,9.299307528,,,
-1.44714,9.29962,,-1.458316408,9.299311527,,,
-1.44986,9.30059,,-1.458208166,9.299327892,,,
-1.45432,9.3013,,-1.458158397,9.299353135,,,
-1.45767,9.30291,,-1.458152146,9.299398663,,,
-1.45941,9.30303,,-1.458168246,9.299445144,,,
-1.46176,9.30191,,-1.458214221,9.299476694,,,
-1.46301,9.30279,,-1.458275607,9.299519104,,,
-1.46155,9.30584,,-1.458317519,9.299600012,,,
-1.46057,9.31066,,-1.458346351,9.29974158,,,
-1.4595,9.31509,,-1.458361117,9.299938039,,,
-1.45767,9.3168,,-1.458352271,9.300153873,,,
-1.45544,9.31543,,-1.458314994,9.300349407,,,
-1.45609,9.31167,,-1.458286514,9.300494311,,,
-1.45712,9.30777,,-1.458271583,9.300587439,,,
-1.45758,9.30499,,-1.45826273,9.300643792,,,
-1.45932,9.30084,,-1.458276263,9.300646304,,,
-1.4621,9.29635,,-1.458325207,9.300591311,,,
-1.46423,9.29431,,-1.458400789,9.30051091,,,
-1.46549,9.29312,,-1.45849153,9.300416307,,,
-1.46787,9.29431,,-1.458611575,9.300338146,,,
-1.47009,9.29797,,-1.458758499,9.300307834,,,
-1.46912,9.29974,,-1.458891126,9.300300565,,,
-1.46924,9.30029,,-1.459023592,9.30030043,,,
-1.4697,9.30188,,-1.45916025,9.300320649,,,
-1.46866,9.30423,,-1.459281846,9.300370688,,,
-1.46674,9.30761,,-1.459377311,9.300463351,,,
-1.46652,9.30993,,-1.459468737,9.300584525,,,
-1.46536,9.30993,,-1.459544145,9.300704147,,,
-1.46286,9.30847,,-1.459586588,9.30080355,,,
-1.46188,9.30499,,-1.459615944,9.300857136,,,
-1.46234,9.30157,,-1.459650812,9.300866261,,,
-1.46152,9.30001,,-1.459674737,9.300855301,,,
-1.46188,9.29733,,-1.459702965,9.300810177,,,
-1.4639,9.29376,,-1.459756687,9.300719934,,,
-1.46512,9.29333,,-1.459825337,9.300625343,,,
-1.46466,9.29391,,-1.459887221,9.300539387,,,
-1.46567,9.29632,,-1.459961241,9.300485379,,,
-1.46625,9.30056,,-1.460041737,9.300486334,,,
-1.46487,9.30273,,-1.460103538,9.300515053,,,
-1.46384,9.30233,,-1.460151365,9.300538284,,,
-1.4643,9.3013,,-1.460204468,9.300548034,,,
-1.46451,9.30029,,-1.460259578,9.300544731,,,
-1.46353,9.30038,,-1.46030144,9.300542623,,,
-1.46454,9.30011,,-1.460355693,9.300537085,,,
-1.46625,9.29931,,-1.460431141,9.300521378,,,
-1.46661,9.30032,,-1.46051023,9.300518801,,,
-1.4679,9.30133,,-1.460604819,9.300529184,,,
-1.46994,9.30313,,-1.460724309,9.300562475,,,
-1.47037,9.30612,,-1.460847774,9.300633611,,,
-1.46909,9.30538,,-1.460953275,9.300694365,,,
-1.4689,9.30264,,-1.461054993,9.300719269,,,
-1.46896,9.30001,,-1.461156177,9.30071019,,,
-1.46689,9.29824,,-1.46122957,9.300678572,,,
-1.46518,9.29882,,-1.461280135,9.300654782,,,
-1.46466,9.30191,,-1.461323398,9.300670849,,,
-1.4635,9.30407,,-1.461351258,9.300714358,,,
-1.46207,9.30508,,-1.461360458,9.300770238,,,
-1.46246,9.30474,,-1.461374532,9.300821051,,,
-1.4632,9.30398,,-1.461397898,9.300861486,,,
-1.46268,9.30407,,-1.461414309,9.300902555,,,
-1.46231,9.30212,,-1.461425774,9.300918138,,,
-1.46201,9.29861,,-1.461433252,9.300888594,,,
-1.45993,9.29553,,-1.46141401,9.300820004,,,
-1.45706,9.29229,,-1.461358279,9.30071082,,,
-1.45548,9.29052,,-1.461283037,9.300580377,,,
-1.45487,9.29028,,-1.46120095,9.300448532,,,
-1.45325,9.28903,,-1.461099178,9.300302375,,,
-1.45398,9.28671,,-1.461008052,9.300128393,,,
-1.4563,9.28625,,-1.460947789,9.299950749,,,
-1.45831,9.2879,,-1.460914026,9.2997965,,,
-1.46039,9.29119,,-1.460907318,9.299686337,,,
-1.46439,9.29611,,-1.460951896,9.29964056,,,
-1.46771,9.29925,,-1.4610384,9.29963556,,,
-1.46906,9.30139,,-1.461141077,9.299658017,,,
-1.4708,9.30209,,-1.461264711,9.299689147,,,
-1.47217,9.30383,,-1.461404299,9.299742149,,,
-1.47144,9.30645,,-1.461532756,9.29982801,,,
-1.4704,9.30767,,-1.461646256,9.299928387,,,
-1.47046,9.30603,,-1.461759072,9.300006488,,,
-1.47,9.30456,,-1.461864556,9.300064773,,,
-1.46808,9.30157,,-1.461944114,9.30008404,,,
-1.4671,9.29937,,-1.462010109,9.3000749,,,
-1.46637,9.29946,,-1.462065916,9.30006703,,,
-1.46323,9.2984,,-1.462080816,9.300045692,,,
-1.45984,9.2973,,-1.462052134,9.300010547,,,
-1.45877,9.2983,,-1.462010122,9.299988652,,,
-1.45715,9.30181,,-1.461947913,9.300011965,,,
-1.45496,9.30712,,-1.461858467,9.300102948,,,
-1.45602,9.31268,,-1.461783735,9.300263934,,,
-1.45831,9.31616,,-1.461739271,9.300467404,,,
-1.45987,9.31771,,-1.461715345,9.300688109,,,
-1.461,9.31835,,-1.461706188,9.300914181,,,
-1.46246,9.31866,,-1.461715837,9.301141328,,,
-1.46259,9.31933,,-1.461727026,9.301374143,,,
-1.46033,9.31707,,-1.461709144,9.30157505,,,
-1.45886,9.31234,,-1.461672675,9.301712841,,,
-1.45758,9.30877,,-1.461620289,9.301803173,,,
-1.45551,9.30535,,-1.461542077,9.301848572,,,
-1.45511,9.30343,,-1.461459747,9.301868814,,,
-1.4574,9.30459,,-1.461407782,9.301903645,,,
-1.45862,9.3048,,-1.461372098,9.301940719,,,
-1.45972,9.30383,,-1.461350951,9.301964902,,,
-1.46066,9.30319,,-1.461342107,9.301980583,,,
-1.46112,9.30328,,-1.461339264,9.301997215,,,
-1.45822,9.3045,,-1.461299338,9.302029251,,,
-1.45648,9.30548,,-1.46123765,9.302073421,,,
-1.4552,9.30538,,-1.461160368,9.302115745,,,
-1.45331,9.30532,,-1.461059884,9.302156759,,,
-1.45093,9.30499,,-1.460930221,9.302193025,,,
-1.45026,9.30502,,-1.460793642,9.30222921,,,
-1.4494,9.30682,,-1.460647804,9.302287972,,,
-1.44727,9.30532,,-1.460476568,9.302326782,,,
-1.4465,9.30154,,-1.460297668,9.302316711,,,
-1.4469,9.29769,,-1.460126178,9.302257489,,,
-1.44608,9.29476,,-1.459946386,9.302161522,,,
-1.44501,9.29449,,-1.459755201,9.302063326,,,
-1.44504,9.29812,,-1.459566846,9.302012851,,,
-1.4451,9.30209,,-1.459381671,9.302013839,,,
-1.44247,9.30502,,-1.459165201,9.302052318,,,
-1.44116,9.30697,,-1.458934735,9.302115264,,,
-1.43982,9.3077,,-1.458690066,9.302186749,,,
-1.43677,9.30798,,-1.458409489,9.302260902,,,
-1.43411,9.30563,,-1.458098456,9.302304027,,,
-1.43466,9.3012,,-1.457798443,9.302289895,,,
-1.43622,9.29669,,-1.457522239,9.302218217,,,
-1.43778,9.29248,,-1.457269539,9.302093567,,,
-1.44254,9.29071,,-1.457081001,9.301947858,,,
-1.44913,9.29309,,-1.456979228,9.301834477,,,
-1.45456,9.29516,,-1.456948262,9.301749044,,,
-1.45947,9.29504,,-1.45698054,9.301663168,,,
-1.46475,9.29534,,-1.457079989,9.301582232,,,
-1.46689,9.29415,,-1.457205557,9.301487099,,,
-1.46542,9.29321,,-1.457310702,9.301381152,,,
-1.46347,9.29315,,-1.457389541,9.301275793,,,
-1.46008,9.29144,,-1.457423979,9.301149895,,,
-1.45453,9.28924,,-1.457386936,9.300997449,,,
-1.44989,9.28854,,-1.457290975,9.300837993,,,
-1.44782,9.28985,,-1.457169747,9.300697347,,,
-1.44711,9.29379,,-1.457040982,9.300608933,,,
-1.44659,9.29739,,-1.456907209,9.300567731,,,
-1.44904,9.29922,,-1.456806509,9.30055048,,,
-1.45187,9.30059,,-1.456743322,9.300550986,,,
-1.45276,9.30026,,-1.456692335,9.300547261,,,
-1.45422,9.30065,,-1.456660689,9.300548576,,,
-1.45627,9.30316,,-1.456655689,9.300582002,,,
-1.45667,9.30419,,-1.456655872,9.300628185,,,
-1.45496,9.30273,,-1.456634165,9.300655088,,,
-1.45508,9.30191,,-1.456614271,9.300671151,,,
-1.45526,9.30105,,-1.456596937,9.300676,,,
-1.45374,9.3002,,-1.456560368,9.300669907,,,
-1.45459,9.30007,,-1.456535147,9.300662228,,,
-1.45746,9.29806,,-1.456546985,9.30062892,,,
-1.45972,9.29385,,-1.4565876,9.30054215,,,
-1.46036,9.28878,,-1.456635887,9.300391594,,,
-1.46219,9.28445,,-1.456706979,9.300187542,,,
-1.46317,9.28183,,-1.456789706,9.299952565,,,
-1.46271,9.27832,,-1.456865486,9.299675668,,,
-1.46375,9.27502,,-1.456953607,9.299360076,,,
-1.46683,9.27407,,-1.457080025,9.299036363,,,
-1.46912,9.27526,,-1.457234137,9.298732025,,,
-1.47098,9.27911,,-1.457410084,9.298480863,,,
-1.474,9.28601,,-1.457622435,9.298321236,,,
-1.47611,9.29119,,-1.457859076,9.298229957,,,
-1.4754,9.29278,,-1.4580836,9.298160197,,,
-1.47488,9.29324,,-1.458298593,9.298097219,,,
-1.47409,9.29122,,-1.458500723,9.29800919,,,
-1.47095,9.289,,-1.458660074,9.297893873,,,
-1.46719,9.28765,,-1.458769257,9.297762751,,,
-1.465,9.28625,,-1.458849011,9.297615388,,,
-1.46228,9.28625,,-1.458892927,9.297469911,,,
-1.45859,9.28906,,-1.45888905,9.297362264,,,
-1.45679,9.29492,,-1.458862182,9.297331003,,,
-1.45599,9.30316,,-1.458825418,9.297405614,,,
-1.4549,9.30877,,-1.458775173,9.297551078,,,
-1.45453,9.31173,,-1.458720835,9.297732568,,,
-1.45691,9.31274,,-1.458697656,9.297924664,,,
-1.45886,9.31127,,-1.458699734,9.298095484,,,
-1.46021,9.30996,,-1.458719065,9.29824735,,,
-1.4632,9.30978,,-1.458776421,9.298394968,,,
-1.46613,9.30868,,-1.458870547,9.298526616,,,
-1.46707,9.30654,,-1.4589755,9.298629187,,,
-1.46765,9.30603,,-1.459086534,9.298723918,,,
-1.46942,9.30609,,-1.459218802,9.298818204,,,
-1.4697,9.30712,,-1.459352961,9.298924467,,,
-1.46893,9.30847,,-1.459475548,9.299046649,,,
-1.47006,9.30886,,-1.459611028,9.29917226,,,
-1.4718,9.30954,,-1.459767047,9.299304967,,,
-1.47116,9.31146,,-1.459912877,9.299460552,,,
-1.47086,9.3157,,-1.460053,9.299668417,,,
-1.47104,9.32223,,-1.460193634,9.299957205,,,
-1.46979,9.32644,,-1.460316467,9.300296185,,,
-1.46674,9.32785,,-1.460398689,9.300648874,,,
-1.46469,9.3283,,-1.460453617,9.301002808,,,
-1.46277,9.32608,,-1.460483267,9.301323796,,,
-1.45987,9.32275,,-1.460475417,9.301598052,,,
-1.45914,9.32019,,-1.460458324,9.301836028,,,
-1.46039,9.31497,,-1.460457449,9.302004143,,,
-1.46121,9.30911,,-1.460467082,9.302095098,,,
-1.46185,9.30526,,-1.460484783,9.302135609,,,
-1.4646,9.30355,,-1.460537458,9.302153713,,,
-1.46664,9.30618,,-1.460615571,9.30220525,,,
-1.46649,9.3095,,-1.460690763,9.302298622,,,
-1.46521,9.31234,,-1.46074861,9.302427152,,,
-1.46466,9.3139,,-1.460798675,9.302574005,,,
-1.46146,9.31366,,-1.46080714,9.302715905,,,
-1.45755,9.31277,,-1.460765449,9.302844598,,,
-1.45551,9.31292,,-1.460698179,9.302973563,,,
-1.45395,9.31042,,-1.460611803,9.303068877,,,
-1.45169,9.30609,,-1.460497603,9.303107548,,,
-1.45126,9.30264,,-1.460379362,9.303101563,,,
-1.45258,9.29904,,-1.46027953,9.303049575,,,
-1.45367,9.29657,,-1.460194928,9.302966636,,,
-1.45505,9.2962,,-1.460129073,9.302880024,,,
-1.45825,9.2955,,-1.460105021,9.302785559,,,
-1.46079,9.29397,,-1.460113789,9.30267272,,,
-1.46182,9.29318,,-1.460135628,9.302551213,,,
-1.4632,9.29476,,-1.460174852,9.302451486,,,
-1.46442,9.29824,,-1.46022919,9.302397579,,,
-1.46393,9.30065,,-1.460276561,9.30237521,,,
-1.46298,9.3012,,-1.460311165,9.302360167,,,
-1.46399,9.29998,,-1.460358254,9.302329701,,,
-1.46457,9.29705,,-1.460412164,9.302262121,,,
-1.46448,9.29431,,-1.460464232,9.302160334,,,
-1.46637,9.29437,,-1.460539826,9.302060617,,,
-1.46887,9.29425,,-1.460646452,9.301960641,,,
-1.46909,9.2937,,-1.46075453,9.301854905,,,
-1.46976,9.29513,,-1.4608698,9.301768826,,,
-1.47147,9.29754,,-1.461005482,9.301714697,,,
-1.47226,9.30017,,-1.46114954,9.301694925,,,
-1.47086,9.30279,,-1.461273834,9.301708942,,,
-1.47089,9.30261,,-1.461396921,9.301720476,,,
-1.47104,9.29974,,-1.461520352,9.301695126,,,
-1.46939,9.29708,,-1.461621084,9.301636052,,,
-1.46796,9.29568,,-1.461702222,9.301559815,,,
-1.46713,9.29742,,-1.461771698,9.301506825,,,
-1.46671,9.29815,,-1.461834908,9.301463858,,,
-1.46619,9.29745,,-1.461890653,9.30141248,,,
-1.46808,9.29614,,-1.461969877,9.301344992,,,
-1.47098,9.294,,-1.462085206,9.301250977,,,
-1.47168,9.29254,,-1.46220802,9.301139476,,,
-1.47223,9.29345,,-1.462336301,9.301041051,,,
-1.474,9.29272,,-1.462485596,9.300934541,,,
-1.47324,9.29055,,-1.462623253,9.300801619,,,
-1.47125,9.28997,,-1.462733675,9.300662974,,,
-1.47098,9.29071,,-1.462839228,9.300535576,,,
-1.47098,9.29248,,-1.46294343,9.300432465,,,
-1.4693,9.29501,,-1.463024794,9.300363057,,,
-1.46845,9.29644,,-1.463094237,9.300312842,,,
-1.4689,9.29666,,-1.46316855,9.300266086,,,
-1.46857,9.29718,,-1.463237689,9.300226584,,,
-1.4671,9.2987,,-1.463287127,9.300207044,,,
-1.46765,9.30154,,-1.463342971,9.300224106,,,
-1.46716,9.30212,,-1.463391829,9.300248373,,,
-1.46542,9.30032,,-1.46341779,9.30024929,,,
-1.46454,9.29898,,-1.463432154,9.300233043,,,
-1.46448,9.29702,,-1.463445567,9.300191916,,,
-1.46201,9.29681,,-1.463427191,9.300148628,,,
-1.45908,9.29931,,-1.463371547,9.300137893,,,
-1.4574,9.3009,,-1.463295111,9.300147648,,,
-1.45606,9.3012,,-1.463202502,9.300161118,,,
-1.45453,9.30123,,-1.463091494,9.3001748,,,
-1.45444,9.30072,,-1.462980755,9.300181778,,,
-1.45609,9.30004,,-1.462892553,9.300179964,,,
-1.45673,9.29904,,-1.462813673,9.300165372,,,
-1.45776,9.29574,,-1.462748986,9.300108727,,,
-1.45993,9.29193,,-1.462712903,9.30000404,,,
-1.46069,9.28872,,-1.462687009,9.299859604,,,
-1.45898,9.28726,,-1.46263956,9.299698329,,,
-1.45743,9.2886,,-1.462572877,9.29955627,,,
-1.45621,9.2897,,-1.462491432,9.29943011,,,
-1.45294,9.28894,,-1.462369174,9.299295837,,,
-1.4498,9.28927,,-1.462208289,9.299167506,,,
-1.44904,9.28878,,-1.462039735,9.299034546,,,
-1.44849,9.28952,,-1.461866298,9.29891276,,,
-1.44711,9.29229,,-1.461677417,9.298827988,,,
-1.44885,9.29434,,-1.461513226,9.298770542,,,
-1.45148,9.29626,,-1.461384801,9.298738407,,,
-1.45248,9.30017,,-1.46127082,9.298756732,,,
-1.4538,9.30609,,-1.461175193,9.298850597,,,
-1.45709,9.3139,,-1.461122903,9.29904323,,,
-1.45956,9.32064,,-1.461102898,9.299319668,,,
-1.46036,9.32403,,-1.461093388,9.299635961,,,
-1.46265,9.32403,,-1.461113313,9.299948204,,,
-1.46436,9.32159,,-1.461154871,9.300225219,,,
-1.46393,9.31842,,-1.461190392,9.300458113,,,
-1.4631,9.31665,,-1.461214835,9.300665369,,,
-1.46271,9.31265,,-1.461233973,9.300818772,,,
-1.46075,9.30682,,-1.461227779,9.300895588,,,
-1.45752,9.30267,,-1.461180319,9.3009183,,,
-1.4556,9.29879,,-1.461108891,9.300891058,,,
-1.45413,9.29699,,-1.461019561,9.300841124,,,
-1.45154,9.29766,,-1.460898223,9.300800406,,,
-1.45026,9.29806,,-1.460762053,9.300765329,,,
-1.45078,9.29763,,-1.460634283,9.300725197,,,
-1.45105,9.2973,,-1.460511604,9.300681354,,,
-1.45111,9.29867,,-1.460391264,9.300655609,,,
-1.45319,9.30142,,-1.460299088,9.300665393,,,
-1.45462,9.30358,,-1.460226395,9.3007027,,,
-1.45438,9.30343,,-1.460151561,9.300737609,,,
-1.45453,9.30316,,-1.460079605,9.300768616,,,
-1.45602,9.30227,,-1.460027643,9.300787834,,,
-1.45664,9.30273,,-1.459984281,9.300812693,,,
-1.45599,9.30484,,-1.459933154,9.300864243,,,
-1.4566,9.30426,,-1.45989049,9.300907709,,,
-1.45697,9.30108,,-1.459853107,9.300909914,,,
-1.45523,9.2983,,-1.459793932,9.300876507,,,
-1.45468,9.29559,,-1.459728473,9.30080884,,,
-1.45474,9.2947,,-1.459664621,9.300730647,,,
-1.45383,9.29629,,-1.459589938,9.300673806,,,
-1.45386,9.29727,,-1.459516594,9.300630238,,,
-1.4556,9.29766,,-1.459466462,9.300592219,,,
-1.45709,9.29824,,-1.459436043,9.30056211,,,
-1.45792,9.29956,,-1.459416638,9.300549283,,,
-1.46033,9.30203,,-1.459428329,9.300568236,,,
-1.46353,9.3034,,-1.45948083,9.300604483,,,
-1.46454,9.30206,,-1.459545588,9.300623114,,,
-1.46515,9.30044,,-1.459617324,9.30062077,,,
-1.46625,9.29818,,-1.459702222,9.300589528,,,
-1.46646,9.29653,,-1.459788722,9.300537566,,,
-1.46405,9.29721,,-1.459843266,9.300494973,,,
-1.46274,9.29614,,-1.459880345,9.300439229,,,
-1.46146,9.29394,,-1.459900564,9.300356039,,,
-1.4592,9.29324,,-1.459891597,9.300264954,,,
-1.45734,9.29278,,-1.459858936,9.300169147,,,
-1.45795,9.29397,,-1.459834502,9.300089797,,,
-1.45856,9.29599,,-1.459818188,9.30003732,,,
-1.45795,9.29553,,-1.459794276,9.299979626,,,
-1.45923,9.2933,,-1.459787053,9.299894127,,,
-1.46051,9.29016,,-1.459796307,9.29976953,,,
-1.46027,9.28814,,-1.45980237,9.299620672,,,
-1.45975,9.28854,,-1.4598017,9.29947884,,,
-1.46036,9.28964,,-1.459808846,9.299352903,,,
-1.45953,9.29049,,-1.459805277,9.299239457,,,
-1.45859,9.29269,,-1.459789721,9.299155624,,,
-1.45862,9.294,,-1.459774749,9.299089632,,,
-1.46024,9.29516,,-1.459780704,9.299039333,,,
-1.46005,9.29693,,-1.459784151,9.299012334,,,
-1.46033,9.29138,,-1.459791138,9.29891464,,,
-1.46109,9.2886,,-1.459807763,9.298782612,,,
-1.46002,9.2886,,-1.45981048,9.298652275,,,
-1.45746,9.29083,,-1.459780394,9.29855215,,,
-1.45618,9.29553,,-1.459734309,9.298513466,,,
-1.45468,9.29977,,-1.459669613,9.29852955,,,
-1.45169,9.30316,,-1.459567474,9.29858882,,,
-1.44959,9.30545,,-1.459439763,9.298676643,,,
-1.45007,9.30722,,-1.45931983,9.298785998,,,
-1.44959,9.30984,,-1.459195288,9.298927489,,,
-1.45013,9.30978,,-1.459079252,9.299066401,,,
-1.45282,9.30777,,-1.458999134,9.299177807,,,
-1.45502,9.30679,,-1.458948201,9.299275243,,,
-1.45508,9.3059,,-1.458898688,9.29936004,,,
-1.4559,9.30658,,-1.458860305,9.299452456,,,
-1.45667,9.31018,,-1.458832269,9.299589768,,,
-1.45587,9.31204,,-1.458794352,9.299749131,,,
-1.45471,9.31167,,-1.458742072,9.299901718,,,
-1.45462,9.31118,,-1.45868931,9.30004608,,,
-1.45514,9.30978,,-1.458643878,9.300170674,,,
-1.45477,9.30838,,-1.458594293,9.300275754,,,
-1.45731,9.306,,-1.458577854,9.300349024,,,
-1.46106,9.302,,-1.458609625,9.300370157,,,
-1.46356,9.29815,,-1.45867299,9.300341739,,,
-1.46518,9.29507,,-1.45875628,9.30027426,,,
-1.46784,9.29412,,-1.458872551,9.300195486,,,
-1.46945,9.29626,,-1.459007943,9.300145112,,,
-1.46863,9.29678,,-1.459131105,9.300102038,,,
-1.46954,9.29638,,-1.459264339,9.300054396,,,
-1.47138,9.29553,,-1.459419419,9.299996484,,,
-1.47214,9.29373,,-1.459582243,9.299916273,,,
-1.47315,9.29333,,-1.45975591,9.299831969,,,
-1.4754,9.29498,,-1.459956154,9.299769863,,,
-1.47675,9.29553,,-1.460171116,9.299715593,,,
-1.47623,9.29571,,-1.460376669,9.299664322,,,
-1.47559,9.29602,,-1.4605714,9.299617674,,,
-1.47391,9.29608,,-1.460742134,9.299572392,,,
-1.46927,9.29708,,-1.460851291,9.299540489,,,
-1.46436,9.29696,,-1.460896202,9.299507459,,,
-1.46143,9.29602,,-1.460903035,9.29946282,,,
-1.45856,9.29473,,-1.460873044,9.29940224,,,
-1.4563,9.29361,,-1.460814509,9.299328099,,,
-1.4566,9.29428,,-1.460760563,9.299263483,,,
-1.45841,9.29806,,-1.460730476,9.299248079,,,
-1.45865,9.29989,,-1.460703846,9.299256295,,,
-1.45862,9.29965,,-1.460677173,9.299261335,,,
-1.45926,9.29962,,-1.460659033,9.299265926,,,
-1.45789,9.29919,,-1.460623589,9.299264954,,,
-1.45508,9.29998,,-1.460552631,9.299274106,,,
-1.45319,9.30261,,-1.46045839,9.299316806,,,
-1.45178,9.30343,,-1.460347306,9.299369455,,,
-1.45059,9.30279,,-1.460222413,9.299413238,,,
-1.45096,9.30166,,-1.460103854,9.299441996,,,
-1.4538,9.30035,,-1.460023165,9.299453619,,,
-1.4563,9.29998,,-1.459975508,9.299460356,,,
-1.45798,9.29782,,-1.459949966,9.29943936,,,
-1.46124,9.2944,,-1.459966478,9.299374856,,,
-1.46298,9.29116,,-1.460005051,9.299269706,,,
-1.46259,9.28866,,-1.460038139,9.299133902,,,
-1.46198,9.28811,,-1.460062994,9.298992796,,,
-1.46191,9.29074,,-1.460086636,9.29888716,,,
-1.45987,9.29318,,-1.460083863,9.298814108,,,
-1.45685,9.29367,,-1.46004247,9.298748264,,,
-1.45493,9.29431,,-1.45997703,9.298691454,,,
-1.453,9.29467,,-1.459887724,9.298639979,,,
-1.44995,9.29531,,-1.459760521,9.298597355,,,
-1.44965,9.29586,,-1.459631106,9.298562317,,,
-1.45065,9.29443,,-1.459516148,9.298509424,,,
-1.45206,9.29156,,-1.45942071,9.298420471,,,
-1.45371,9.28985,,-1.459347613,9.298310769,,,
-1.45746,9.29046,,-1.459323451,9.298210279,,,
-1.46094,9.29339,,-1.459344143,9.29814858,,,
-1.4621,9.29608,,-1.459379418,9.298122102,,,
-1.46356,9.29739,,-1.459432929,9.298112731,,,
-1.46411,9.2991,,-1.459492796,9.298125368,,,
-1.46179,9.29949,,-1.4595222,9.298142835,,,
-1.45898,9.29962,,-1.45951526,9.298161743,,,
-1.45749,9.30224,,-1.459489337,9.298213945,,,
-1.4559,9.30264,,-1.459443393,9.298270598,,,
-1.45429,9.30209,,-1.45937743,9.298319486,,,
-1.45471,9.30297,,-1.459317687,9.298379013,,,
-1.45679,9.30572,,-1.459285332,9.298472978,,,
-1.45804,9.30972,,-1.459269392,9.29861694,,,
-1.46021,9.31362,,-1.459281432,9.298808979,,,
-1.46451,9.31463,,-1.459348357,9.299011488,,,
-1.46787,9.31304,,-1.459457434,9.299191053,,,
-1.46985,9.31063,,-1.459590459,9.299337471,,,
-1.47327,9.30807,,-1.459765557,9.299449248,,,
-1.47681,9.3081,,-1.459983726,9.299559977,,,
-1.47702,9.30737,,-1.460201791,9.299659946,,,
-1.47745,9.30648,,-1.460422568,9.299747242,,,
-1.4769,9.30682,,-1.460633479,9.299837774,,,
-1.47479,9.30636,,-1.460814682,9.299921258,,,
-1.47125,9.30639,,-1.460948254,9.300004058,,,
-1.46921,9.30743,,-1.461054005,9.30009911,,,
-1.46756,9.30532,,-1.461137281,9.300165937,,,
-1.46484,9.30108,,-1.461184676,9.300177637,,,
-1.46274,9.29724,,-1.461204584,9.300140036,,,
-1.46182,9.29534,,-1.461212462,9.300078595,,,
-1.45981,9.29534,,-1.46119451,9.300017941,,,
-1.45706,9.29736,,-1.461141588,9.29998392,,,
-1.45667,9.29895,,-1.461084352,9.299970685,,,
-1.4567,9.30017,,-1.461028232,9.299973237,,,
-1.45654,9.3012,,-1.460970783,9.299988939,,,
-1.45898,9.30221,,-1.460945301,9.300017369,,,
-1.46344,9.30423,,-1.460977233,9.30007129,,,
-1.46726,9.30313,,-1.461057653,9.300110442,,,
-1.46954,9.29974,,-1.461166227,9.3001057,,,
-1.47266,9.29605,,-1.461313347,9.300053787,,,
-1.47379,9.29248,,-1.461473048,9.299956843,,,
-1.47162,9.29068,,-1.461602929,9.299838099,,,
-1.47046,9.29199,,-1.4617163,9.299737644,,,
-1.46881,9.29278,,-1.461807099,9.299648586,,,
-1.4657,9.29266,,-1.461856928,9.299559132,,,
-1.46265,9.29339,,-1.461867079,9.299480167,,,
-1.46112,9.2948,,-1.461857517,9.299420261,,,
-1.4595,9.29708,,-1.461827341,9.299390305,,,
-1.45636,9.29721,,-1.461757359,9.299362398,,,
-1.45487,9.29467,,-1.4616692,9.299302335,,,
-1.45364,9.2901,,-1.461566427,9.299184545,,,
-1.4512,9.28427,,-1.461433736,9.298993639,,,
-1.44885,9.28018,,-1.461272665,9.298752824,,,
-1.44827,9.27969,,-1.46110623,9.29850882,,,
-1.44775,9.2796,,-1.460935271,9.298266787,,,
-1.44708,9.28018,,-1.460757923,9.298035276,,,
-1.44891,9.28396,,-1.46060627,9.297855113,,,
-1.45154,9.28863,,-1.460490222,9.297737031,,,
-1.45252,9.29357,,-1.460388203,9.297683693,,,
-1.45337,9.2991,,-1.46029837,9.297701822,,,
-1.45499,9.3012,,-1.460230423,9.297746599,,,
-1.45557,9.29974,,-1.460170769,9.297772114,,,
-1.4549,9.29748,,-1.460103303,9.297768375,,,
-1.45581,9.29583,,-1.460048349,9.297743564,,,
-1.4566,9.29693,,-1.46000421,9.29773315,,,
-1.45648,9.29888,,-1.4599591,9.29774783,,,
-1.45645,9.30108,,-1.459914184,9.297790482,,,
-1.45834,9.30398,,-1.459894034,9.297869708,,,
-1.45929,9.3056,,-1.459886303,9.297968655,,,
-1.45883,9.30715,,-1.459872782,9.298086177,,,
-1.46008,9.30911,,-1.459875434,9.298227282,,,
-1.46063,9.30743,,-1.459885093,9.298345076,,,
-1.45953,9.30227,,-1.459880548,9.298395315,,,
-1.45895,9.29733,,-1.459868637,9.298381679,,,
-1.45929,9.2926,,-1.45986123,9.298307674,,,
-1.45786,9.2904,,-1.459835614,9.298206456,,,
-1.45499,9.29202,,-1.45977359,9.298127269,,,
-1.45297,9.29397,,-1.459686504,9.298074056,,,
-1.45136,9.29602,,-1.459579925,9.298047764,,,
-1.44843,9.29913,,-1.459437206,9.298061617,,,
-1.44812,9.30337,,-1.459292346,9.298129564,,,
-1.44998,9.30853,,-1.459173148,9.29826269,,,
-1.45236,9.31271,,-1.45908594,9.298447615,,,
-1.45563,9.31463,,-1.459041704,9.29865475,,,
-1.46179,9.31619,,-1.459076882,9.298879201,,,
-1.46835,9.31588,,-1.459195578,9.299096811,,,
-1.47315,9.31472,,-1.459374194,9.299296788,,,
-1.47824,9.31405,,-1.459615677,9.299485629,,,
-1.48264,9.30993,,-1.459910388,9.299619317,,,
-1.48346,9.30294,,-1.460211823,9.299661822,,,
-1.48218,9.29705,,-1.460493016,9.29962839,,,
-1.48053,9.29217,,-1.460749489,9.299532923,,,
-1.47653,9.28988,,-1.46095148,9.299409366,,,
-1.46973,9.29095,,-1.461063845,9.299301086,,,
-1.46408,9.29168,,-1.461102451,9.299203536,,,
,9.29241,,,9.299116579,,,
,9.29315,,,9.299040206,,,
,9.2937,,,9.298971852,,,
,9.29434,,,9.298912564,,,
,9.29171,,,9.298820371,,,
,9.28683,,,9.298666894,,,
,9.28271,,,9.298462646,,,
,9.27932,,,9.29821762,,,
,9.27963,,,9.297979699,,,
,9.28411,,,9.297802167,,,
,9.28881,,,9.297687067,,,
,9.29275,,,9.297623872,,,
,9.29779,,,9.297625999,,,
,9.30227,,,9.297685442,,,
,9.30651,,,9.297798396,,,
,9.30984,,,9.297952529,,,
,9.31054,,,9.298113649,,,
,9.30905,,,9.298253634,,,
,9.30633,,,9.298357011,,,
,9.30404,,,9.298429754,,,
,9.3048,,,9.298511293,,,
,9.30538,,,9.298599212,,,
,9.30499,,,9.298681014,,,
,9.30651,,,9.298781225,,,
,9.30767,,,9.298895002,,,
,9.30944,,,9.299029978,,,
,9.31246,,,9.299201882,,,
,9.31295,,,9.299377858,,,
,9.31066,,,9.299522269,,,
,9.30822,,,9.2996336,,,
,9.30535,,,9.29970677,,,
,9.30279,,,9.299746235,,,
,9.30065,,,9.299757804,,,
,9.29736,,,9.299727112,,,
,9.29415,,,9.299655725,,,
,9.29171,,,9.299554019,,,
,9.29187,,,9.299455664,,,
,9.29538,,,9.299403495,,,
,9.29739,,,9.299377723,,,
,9.29809,,,9.29936124,,,
,9.29919,,,9.299359048,,,
,9.29989,,,9.299365844,,,
,9.30069,,,9.299382793,,,
,9.30282,,,9.29942679,,,
,9.30328,,,9.299476111,,,
,9.30255,,,9.299515457,,,
,9.30291,,,9.299558907,,,
,9.30441,,,9.299621001,,,
,9.30648,,,9.299708796,,,
,9.30685,,,9.299800203,,,
,9.30529,,,9.299870473,,,
,9.302,,,9.299897731,,,
,9.29769,,,9.299869472,,,
,9.29443,,,9.299799846,,,
,9.29412,,,9.299727144,,,
,9.29287,,,9.299639373,,,
,9.29074,,,9.299525461,,,
,9.2911,,,9.299417615,,,
,9.29238,,,9.299327534,,,
,9.29516,,,9.299274189,,,
,9.29885,,,9.29926876,,,
,9.30053,,,9.299284903,,,
,9.29949,,,9.299287529,,,
,9.29754,,,9.29926516,,,
,9.29577,,,9.299220422,,,
,9.29498,,,9.299166145,,,
,9.2944,,,9.299105138,,,
,9.2922,,,9.299016752,,,
,9.29089,,,9.29891273,,,
,9.2901,,,9.298799927,,,
,9.29077,,,9.298697144,,,
,9.29443,,,9.298642525,,,
,9.29623,,,9.298611644,,,
,9.2962,,,9.298580775,,,
,9.29614,,,9.298549533,,,
,9.29565,,,9.298512419,,,
,9.29531,,,9.298471428,,,
,9.29455,,,9.298421234,,,
,9.29174,,,9.298335714,,,
